,title,phone number,website,Email,Address,link to yellow pages,reviews,rating
0,Bay Area Foot Care﻿Add to Favorites,(415) 879-9593,https://api.superpages.com/xml/search?SRC=ypintfeed&subaffiliate=DXC&PGID=e02.7182.8182845904523&SPGID=1594149133414.31f4bb60&ADID=12206749&DEST=http%3A%2F%2Fwww.localpodiatry.com%2Fp%2Fsuperpages%2Fbay-area-foot-care-san-francisco-california.html&C=Physicians%20%26%20Surgeons%2C%20Podiatrists&T=San%20Francisco&S=CA&PH=(415)%20879-9593&FL=url&TL=off&position=0&PS=1&PI=1&Results=FEED_CLCK&uid=31f4bb60-ed9f-4c44-9743-678eae6c5aef&REF=&IP=106.220.153.242&UserAgent=python-requests%2F2.23.0,,"2299 Post St, San Francisco, CA 94115",http://www.yellowpages.com/san-francisco-ca/mip/bay-area-foot-care-450847187?lid=1002041302965,(4 Reviews),five
1,San Francisco Center for Facial Plastic Reconstructive & Laser Surgery﻿Add to Favorites,(415) 550-1077,http://www.SanFranciscoFacialPlasticSurgery.com,mailto:Dr.Ransom@SanFranciscoFacialPlasticSurgery.com,"450 Sutter St Rm 1212, San Francisco, CA 94108",http://www.yellowpages.com/san-francisco-ca/mip/san-francisco-center-for-facial-plastic-reconstructive-laser-surgery-451343941?lid=1000353902703,No reviews available,zero
2,Carlat Paul B. M.D. Inc.﻿Add to Favorites,(415) 563-1155,http://www.sutterhealth.org/dr-paul-b-carlat.html,,"3329 Sacramento St, San Francisco, CA 94118",http://www.yellowpages.com/san-francisco-ca/mip/carlat-paul-b-m-d-inc-12982364?lid=1001568367431,No reviews available,zero
3,West Coast Retina﻿Add to Favorites,(415) 972-4600,http://westcoastretina.com/,,"1445 Bush St, San Francisco, CA 94109",http://www.yellowpages.com/san-francisco-ca/mip/west-coast-retina-497058368?lid=1001917675006,No reviews available,zero
4,Ulrich Berg MD﻿Add to Favorites,(415) 582-4640,,,"3022 Fillmore St, San Francisco, CA 94123",http://www.yellowpages.com/san-francisco-ca/mip/ulrich-berg-md-461715588?lid=1001564768310,No reviews available,zero
5,Gorodetsky Galina MD﻿Add to Favorites,(415) 563-8170,,,"San Francisco, CA 94115",http://www.yellowpages.com/san-francisco-ca/mip/gorodetsky-galina-md-461717554?lid=1000936624634,No reviews available,zero
6,Chang Carolyn C MD FACS﻿Add to Favorites,(415) 854-0520,http://www.drcarolynchang.com/,,"2100 Webster St, San Francisco, CA 94115",http://www.yellowpages.com/san-francisco-ca/mip/chang-carolyn-c-md-facs-21985311?lid=1001637348695,(1 Review),five
7,"Tam, Schuman MD﻿Add to Favorites",(415) 751-6800,http://www.aasthma.com,,"6850 Geary Blvd, San Francisco, CA 94121",http://www.yellowpages.com/san-francisco-ca/mip/tam-schuman-md-4337542?lid=1001822935130,No reviews available,zero
8,"Mark Lipian, M.D., Ph.D. - Clinical & Forensic Psychiatry﻿Add to Favorites",(415) 213-4224,,,"50 California St Ste 1500, San Francisco, CA 94111",http://www.yellowpages.com/san-francisco-ca/mip/mark-lipian-m-d-ph-d-clinical-forensic-psychiatry-456847894?lid=197762552,No reviews available,zero
9,Grace Medical Clinic﻿Add to Favorites,(415) 931-0808,,,"1630 Geary Blvd, San Francisco, CA 94115",http://www.yellowpages.com/san-francisco-ca/mip/grace-medical-clinic-7143875?lid=1001637354566,No reviews available,zero
10,Lief Lawrence H MD﻿Add to Favorites,(415) 567-9469,,,"1199 Bush St, San Francisco, CA 94109",http://www.yellowpages.com/san-francisco-ca/mip/lief-lawrence-h-md-505015068?lid=1001637354684,No reviews available,zero
11,Weiss M Jerome MD Inc.﻿Add to Favorites,(415) 441-5800,http://www.jmweissmd.com,,"490 Post St, San Francisco, CA 94102",http://www.yellowpages.com/san-francisco-ca/mip/weiss-m-jerome-md-inc-474069158?lid=1001637354574,No reviews available,zero
12,"Chin, Arthur S MD﻿Add to Favorites",(415) 982-2292,,,"770 Stockton St, San Francisco, CA 94108",http://www.yellowpages.com/san-francisco-ca/mip/chin-arthur-s-md-9077819?lid=1001637354668,No reviews available,zero
13,"Manber, Helen MD﻿Add to Favorites",(415) 668-4100,http://www.sfdermatology.com,,"3838 California St, San Francisco, CA 94118",http://www.yellowpages.com/san-francisco-ca/mip/manber-helen-md-2330537?lid=1001637354740,No reviews available,zero
14,Bosley Medical - San Francisco﻿Add to Favorites,(844) 329-8380,http://bit.ly/2KW2LCX,mailto:Bosley@bosley.com,"50 Francisco St Ste 440, San Francisco, CA 94133",http://www.yellowpages.com/san-francisco-ca/mip/bosley-medical-san-francisco-482621560?lid=1002037185998,No reviews available,zero
15,Randall Go OD﻿Add to Favorites,(415) 648-2129,http://www.drrandallgo.com,,"2458 Mission St, San Francisco, CA 94110",http://www.yellowpages.com/san-francisco-ca/mip/randall-go-od-5139142?lid=1001973346443,No reviews available,zero
16,Robert E Markison Md﻿Add to Favorites,(415) 929-5900,http://www.markisonmd.com,,"2000 Van Ness Ave, San Francisco, CA 94109",http://www.yellowpages.com/san-francisco-ca/mip/robert-e-markison-md-4291743?lid=389386399,No reviews available,zero
17,Leung Eric L MD﻿Add to Favorites,(415) 986-3215,,,"929 Clay St, San Francisco, CA 94108",http://www.yellowpages.com/san-francisco-ca/mip/leung-eric-l-md-2519090?lid=1001637354679,No reviews available,zero
18,Karpman Stephen B MD﻿Add to Favorites,(415) 221-1234,,,"4333 California St, San Francisco, CA 94118",http://www.yellowpages.com/san-francisco-ca/mip/karpman-stephen-b-md-11535610?lid=1001637348696,No reviews available,zero
19,"Kvitash, Vadim I, MD﻿Add to Favorites",(415) 771-5726,http://ehealthreports.com,,"2299 Post St, San Francisco, CA 94115",http://www.yellowpages.com/san-francisco-ca/mip/kvitash-vadim-i-md-15634882?lid=1000439498155,No reviews available,zero
20,UCSF Foot And Ankle﻿Add to Favorites,(415) 353-2808,http://www.ucsfhealth.org/clinics/foot_and_ankle/?utm_source=yp&utm_medium=iYP&utm_campaign=yp,,"1500 Owens St, San Francisco, CA 94158",http://www.yellowpages.com/san-francisco-ca/mip/ucsf-foot-and-ankle-466038827?lid=1000685199224,No reviews available,zero
21,UCSF Sports Medicine Center﻿Add to Favorites,(415) 353-2808,http://www.ucsfhealth.org/clinics/sports_medicine_center/?utm_source=yp&utm_medium=iYP&utm_campaign=yp,,"1500 Owens St, San Francisco, CA 94158",http://www.yellowpages.com/san-francisco-ca/mip/ucsf-sports-medicine-center-463096213?lid=1000678955823,No reviews available,zero
22,Schwat Howard E MD Inc.﻿Add to Favorites,(415) 285-0444,,,"2480 Mission St Ste 109, San Francisco, CA 94110",http://www.yellowpages.com/san-francisco-ca/mip/schwat-howard-e-md-inc-503123048?lid=1000678956176,No reviews available,zero
23,San Francisco Digestive Disease Medical Group﻿Add to Favorites,(415) 362-3336,http://adr.org,,"450 Sutter St, San Francisco, CA 94108",http://www.yellowpages.com/san-francisco-ca/mip/san-francisco-digestive-disease-medical-group-31187671?lid=1000472175321,,
24,"Delgado, Miguel MD﻿Add to Favorites",(415) 989-2221,http://www.dr-delgado.com,mailto:info@dr-delgado.com,"450 Sutter St, San Francisco, CA 94108",http://www.yellowpages.com/san-francisco-ca/mip/delgado-miguel-md-6710944?lid=1000658579044,(20 Reviews),five
25,Aesthetic Dermatology & Cosmetic Surgery Inc.﻿Add to Favorites,(415) 956-8686,http://www.beautybeforeage.com,,"22 Battery St, San Francisco, CA 94111",http://www.yellowpages.com/san-francisco-ca/mip/aesthetic-dermatology-cosmetic-surgery-inc-481487892?lid=1000437172362,,
26,UCSF Dermatologic Surgery And Laser Center﻿Add to Favorites,(415) 353-7878,http://www.ucsfhealth.org/clinics/dermatologic_surgery_and_laser_center/?utm_source=yp&utm_medium=iYP&utm_campaign=yp,,"1701 Divisadero St, San Francisco, CA 94115",http://www.yellowpages.com/san-francisco-ca/mip/ucsf-dermatologic-surgery-and-laser-center-453628799?lid=1000678956370,(1 Review),five
27,UCSF Spine Center﻿Add to Favorites,(415) 353-2967,http://www.ucsfhealth.org/clinics/spine_center/?utm_source=yp&utm_medium=iYP&utm_campaign=yp,,"400 Parnassus Ave, San Francisco, CA 94143",http://www.yellowpages.com/san-francisco-ca/mip/ucsf-spine-center-20108619?lid=1000685199380,(1 Review),five
28,,,http://www.ucsfhealth.org/clinics/spine_center/?utm_source=yp&utm_medium=iYP&utm_campaign=yp,,,http://www.yellowpages.com/san-francisco-ca/mip/ucsf-hand-upper-extremity-surgery-center-467193707?lid=1000685588728,,
29,UCSF Psoriasis Center﻿Add to Favorites,(415) 476-4701,http://www.ucsfhealth.org,,"515 Spruce St, San Francisco, CA 94118",http://www.yellowpages.com/san-francisco-ca/mip/ucsf-psoriasis-center-702635?lid=1000678956033,No reviews available,zero
30,UCSF Orthopaedic Surgery Faculty Practice﻿Add to Favorites,(415) 353-2808,http://www.ucsfhealth.org/clinics/orthopaedic_institute/?utm_source=yp&utm_medium=iYP&utm_campaign=yp,,"1500 Owens St, San Francisco, CA 94158",http://www.yellowpages.com/san-francisco-ca/mip/ucsf-orthopaedic-surgery-faculty-practice-459493408?lid=1000685199328,No reviews available,zero
31,"Dr. Steven Howard Sloan, MD﻿Add to Favorites",(415) 379-9900,http://www.sanfranent.com,,"1 Shrader St Ste 578, San Francisco, CA 94117",http://www.yellowpages.com/san-francisco-ca/mip/dr-steven-howard-sloan-md-11015697,No reviews available,zero
32,Kenneth Maybury MD﻿Add to Favorites,(415) 422-0998,http://www.kennethmayburymd.com,,"1 Shrader St, San Francisco, CA 94117",http://www.yellowpages.com/san-francisco-ca/mip/kenneth-maybury-md-453546162,No reviews available,zero
33,"Dr. Randolph H. Chase, MD﻿Add to Favorites",(415) 668-2851,,,"3838 California St Rm 608, San Francisco, CA 94118",http://www.yellowpages.com/san-francisco-ca/mip/dr-randolph-h-chase-md-3510634,(1 Review),five
34,DR Daniel H Hwang MD﻿Add to Favorites,(415) 600-0140,http://sutterpacific.org,,"1375 Sutter St Ste 308, San Francisco, CA 94109",http://www.yellowpages.com/san-francisco-ca/mip/dr-daniel-h-hwang-md-463116335,No reviews available,zero
35,Shawn K Hassler MD﻿Add to Favorites,(415) 397-0700,http://optimusmedical.com,,"870 Market St Ste 600, San Francisco, CA 94102",http://www.yellowpages.com/san-francisco-ca/mip/shawn-k-hassler-md-496578057,No reviews available,zero
36,Scott F Dye MD﻿Add to Favorites,(415) 861-9966,http://kneeexpert.com,,"45 Castro St Ste 337, San Francisco, CA 94114",http://www.yellowpages.com/san-francisco-ca/mip/scott-f-dye-md-21985085,No reviews available,zero
37,"Dohemann, Jesse H, MD﻿Add to Favorites",(415) 923-3179,http://pmi.yourmd.com,,"2100 Webster St Ste 423, San Francisco, CA 94115",http://www.yellowpages.com/san-francisco-ca/mip/dohemann-jesse-h-md-453673234,No reviews available,zero
38,"Dr. John J Callander, MD﻿Add to Favorites",(415) 668-8010,http://www.cposm.com,,"3838 California St Rm 715, San Francisco, CA 94118",http://www.yellowpages.com/san-francisco-ca/mip/dr-john-j-callander-md-472179585,No reviews available,zero
39,Louie Kevin W MD﻿Add to Favorites,(415) 600-3835,http://www.usdirectory.com/sl/9575876/index.htm?afid=1974&utm_source=citysearch&utm_medium=cpc,,"2100 Webster St Ste 117, San Francisco, CA 94115",http://www.yellowpages.com/san-francisco-ca/mip/louie-kevin-w-md-13610566,No reviews available,zero
40,Marilyn M Kutzscher MD﻿Add to Favorites,(415) 923-3560,http://marilynkmd.com,,"2100 Webster St Ste 115, San Francisco, CA 94115",http://www.yellowpages.com/san-francisco-ca/mip/marilyn-m-kutzscher-md-460554104,No reviews available,zero
41,Dan Kalshan MD﻿Add to Favorites,(415) 433-7000,http://dankalshanmd.com,,"220 Montgomery St Ste 1212, San Francisco, CA 94104",http://www.yellowpages.com/san-francisco-ca/mip/dan-kalshan-md-496654914,No reviews available,zero
42,Lundy Gordon C MD﻿Add to Favorites,(415) 923-3015,http://www.cposm.com,,"2100 Webster St Ste 117, San Francisco, CA 94115",http://www.yellowpages.com/san-francisco-ca/mip/lundy-gordon-c-md-478507466,No reviews available,zero
43,"Dr. Brian Thomas Andrews, MD﻿Add to Favorites",(415) 814-3429,http://www.cpmc.org,,"45 Castro St Ste 421, San Francisco, CA 94114",http://www.yellowpages.com/san-francisco-ca/mip/dr-brian-thomas-andrews-md-10133735,(11 Reviews),three
44,Dr Randall Weil﻿Add to Favorites,(415) 781-2081,http://randallweil.com,,"909 Hyde St Ste 602, San Francisco, CA 94109",http://www.yellowpages.com/san-francisco-ca/mip/dr-randall-weil-538153797,(5 Reviews),five
45,Stonestown - Pediatrics﻿Add to Favorites,(415) 379-2020,https://locations.dignityhealth.org/stonestown-pediatrics?utm_source=LocalSearch&utm_medium=Facility&utm_campaign=BayArea&utm_term=StonestownPediatrics,,"595 Buckingham Way, San Francisco, CA 94132",http://www.yellowpages.com/san-francisco-ca/mip/stonestown-pediatrics-503634521,No reviews available,zero
46,Tatiana Goldstein MD﻿Add to Favorites,(415) 668-8900,,,"525 Spruce St, San Francisco, CA 94118",http://www.yellowpages.com/san-francisco-ca/mip/tatiana-goldstein-md-461776471,No reviews available,zero
47,"Robert H. Langston, MD﻿Add to Favorites",(415) 221-6476,http://www.ljhpeds.com,,"3838 California St Rm 815, San Francisco, CA 94118",http://www.yellowpages.com/san-francisco-ca/mip/robert-h-langston-md-15416270,No reviews available,zero
48,"Dr. Winchell Wing Quock, MD﻿Add to Favorites",(415) 751-1411,,,"402 8th Ave Ste 202, San Francisco, CA 94118",http://www.yellowpages.com/san-francisco-ca/mip/dr-winchell-wing-quock-md-10925484,No reviews available,zero
49,Sonja Huie MD﻿Add to Favorites,(415) 379-6700,,,"3905 Sacramento St Ste 100, San Francisco, CA 94118",http://www.yellowpages.com/san-francisco-ca/mip/sonja-huie-md-462011413,No reviews available,zero
50,"Otto, Carl MD﻿Add to Favorites",(415) 600-6400,http://www.sutterpacific.org/dr-carl-e-otto.html?utm_source=yelp&utm_medium=social&utm_content=branded-url&utm_campaign=spmf-yelp-doctors,,"3700 California St, San Francisco, CA 94118",http://www.yellowpages.com/san-francisco-ca/mip/otto-carl-md-472432485,No reviews available,zero
51,Lyon-Martin Women's Health Services Inc﻿Add to Favorites,(415) 565-7667,http://lyon-martin.org,,"1748 Market St Apt 201, San Francisco, CA 94102",http://www.yellowpages.com/san-francisco-ca/mip/lyon-martin-womens-health-services-inc-496584124,No reviews available,zero
52,Gendelman Arkady MD﻿Add to Favorites,(415) 567-8188,http://www.drgendelman.yourmd.com,,"1375 Sutter St Ste 201, San Francisco, CA 94109",http://www.yellowpages.com/san-francisco-ca/mip/gendelman-arkady-md-3336921,No reviews available,zero
53,John W Riordan MD﻿Add to Favorites,(415) 923-3815,,,"2100 Webster St Ste 412, San Francisco, CA 94115",http://www.yellowpages.com/san-francisco-ca/mip/john-w-riordan-md-467450624,(1 Review),five
54,Conlin Daniel R MD﻿Add to Favorites,(415) 923-3320,,,"2100 Webster St Ste 315, San Francisco, CA 94115",http://www.yellowpages.com/san-francisco-ca/mip/conlin-daniel-r-md-5955188,(1 Review),five
55,Steven M Snyder MD﻿Add to Favorites,(415) 567-8296,http://savantmd.com,,"1604 Union St, San Francisco, CA 94123",http://www.yellowpages.com/san-francisco-ca/mip/steven-m-snyder-md-2472298,No reviews available,zero
56,Jerel Glassman DO﻿Add to Favorites,(415) 668-1000,http://www.stmarys.org,,"1 Shrader St, San Francisco, CA 94117",http://www.yellowpages.com/san-francisco-ca/mip/jerel-glassman-do-463251859,(1 Review),five
57,Richard M Gerber Inc﻿Add to Favorites,(415) 379-6100,http://www.drjohnselle.com,,"2250 Hayes St Ste 206, San Francisco, CA 94117",http://www.yellowpages.com/san-francisco-ca/mip/richard-m-gerber-inc-1235534,No reviews available,zero
58,Khoo Karen MD Medical Corporation﻿Add to Favorites,(415) 221-3200,http://www.karenkhoomd.com,,"4322 Geary Blvd, San Francisco, CA 94118",http://www.yellowpages.com/san-francisco-ca/mip/khoo-karen-md-medical-corporation-464655253,No reviews available,zero
59,Segars Hoke C MD﻿Add to Favorites,(415) 452-1200,,,"2645 Ocean Ave, San Francisco, CA 94132",http://www.yellowpages.com/san-francisco-ca/mip/segars-hoke-c-md-531337355,(3 Reviews),three
60,Anatara Medicine﻿Add to Favorites,(415) 345-0099,http://www.anataramedicine.com,,"1700 California St Ste 520, San Francisco, CA 94109",http://www.yellowpages.com/san-francisco-ca/mip/anatara-medicine-469724201,No reviews available,zero
